normal_eye,normal_nod,normal_mouth
0.25782136558006985,0.6119941818352592,0.8036565052752405
